Workbook
Name Slicer_City: #N/A
Name Slicer_Status: #N/A

Sheet Properties
A1: PropertyID | B1: City | C1: Type | D1: ListingPrice | E1: ListedDate | G1: Properties in Becej
A2: 1 | B2: Belgrade | C2: Apartment | D2: 224393 | E2: 2024-05-20 | G2: =COUNTIF(B2:B301, "Becej") -> 62
A3: 2 | B3: Novi Sad | C3: House | D3: 66579 | E3: 2025-01-12
A4: 3 | B4: Belgrade | C4: Apartment | D4: 184794 | E4: 2024-08-04
A5: 4 | B5: Belgrade | C5: Apartment | D5: 54561 | E5: 2024-04-21
A6: 5 | B6: Novi Sad | C6: Apartment | D6: 177127 | E6: 2024-04-11
A7: 6 | B7: Nis | C7: Studio | D7: 87787 | E7: 2024-08-17
A8: 7 | B8: Nis | C8: Villa | D8: 242187 | E8: 2025-03-21
A9: 8 | B9: Belgrade | C9: House | D9: 213013 | E9: 2024-08-04
A10: 9 | B10: Subotica | C10: Villa | D10: 70758 | E10: 2024-04-20
A11: 10 | B11: Subotica | C11: Apartment | D11: 54312 | E11: 2024-07-13
A12: 11 | B12: Belgrade | C12: Villa | D12: 120165 | E12: 2024-11-05
A13: 12 | B13: Subotica | C13: Apartment | D13: 221294 | E13: 2024-08-23
A14: 13 | B14: Nis | C14: Apartment | D14: 129230 | E14: 2024-02-10
... A301: 300 | B301: Subotica | C301: Apartment | D301: 42056 | E301: 2024-06-15

Sheet Agents
A1: AgentID | B1: AgentName | C1: Region
A2: 1 | B2: Ana Markovic | C2: East
A3: 2 | B3: Jelena Petrovic | C3: East
A4: 3 | B4: Ivan Stankovic | C4: South
A5: 4 | B5: Marko Jovic | C5: West
A6: 5 | B6: Mina Lukic | C6: South
A7: 6 | B7: Marko Jovic | C7: South
A8: 7 | B8: Ana Markovic | C8: West
A9: 8 | B9: Mina Lukic | C9: South
A10: 9 | B10: Ivan Stankovic | C10: South
A11: 10 | B11: Marko Jovic | C11: West

Sheet Sales
A1: TransactionID | B1: PropertyID | C1: AgentID | D1: SalePrice | E1: Status | F1: SaleDate | G1: City | H1: Agent Name | I1: Month | J1: Performance | K1: Commission Level | L1: Priority Deal | M1: Attention Needed | N1: Listing Price
A2: 350 | B2: 221 | C2: 8 | D2: 298666 | E2: Cancelled | F2: 2024-07-27 | G2: =_xlfn.XLOOKUP(B2, Properties!A:A, Properties!B:B, FALSE) -> Nis | H2: =_xlfn.XLOOKUP(C2, Agents!A:A, Agents!B:B, FALSE) -> Mina Lukic | I2: =TEXT(F2, "YYYY-MM") -> 2024-07 | J2: =IF(D2>200000, "Luxury", "Standard") -> Luxury | K2: =IF(D2>250000, "High", IF(D2>150000, "Medium", "Low")) -> High | L2: =IF(AND(E2="Sold", D2>200000), "Yes", "No") -> No | M2: =IF(OR(E2="Pending", E2="Cancelled"), "Attention Needed", "Ok") -> Attention Needed | N2: =_xlfn.XLOOKUP(B2, Properties!A:A, Properties!D:D, FALSE) -> 56352
A3: 462 | B3: 43 | C3: 5 | D3: 298070 | E3: Sold | F3: 2025-04-16 | G3: =_xlfn.XLOOKUP(B3, Properties!A:A, Properties!B:B, FALSE) -> Novi Sad | H3: =_xlfn.XLOOKUP(C3, Agents!A:A, Agents!B:B, FALSE) -> Mina Lukic | I3: =TEXT(F3, "YYYY-MM") -> 2025-04 | J3: =IF(D3>200000, "Luxury", "Standard") -> Luxury | K3: =IF(D3>250000, "High", IF(D3>150000, "Medium", "Low")) -> High | L3: =IF(AND(E3="Sold", D3>200000), "Yes", "No") -> Yes | M3: =IF(OR(E3="Pending", E3="Cancelled"), "Attention Needed", "Ok") -> Ok | N3: =_xlfn.XLOOKUP(B3, Properties!A:A, Properties!D:D, FALSE) -> 187009
A4: 377 | B4: 51 | C4: 5 | D4: 297741 | E4: Sold | F4: 2025-01-17 | G4: =_xlfn.XLOOKUP(B4, Properties!A:A, Properties!B:B, FALSE) -> Nis | H4: =_xlfn.XLOOKUP(C4, Agents!A:A, Agents!B:B, FALSE) -> Mina Lukic | I4: =TEXT(F4, "YYYY-MM") -> 2025-01 | J4: =IF(D4>200000, "Luxury", "Standard") -> Luxury | K4: =IF(D4>250000, "High", IF(D4>150000, "Medium", "Low")) -> High | L4: =IF(AND(E4="Sold", D4>200000), "Yes", "No") -> Yes | M4: =IF(OR(E4="Pending", E4="Cancelled"), "Attention Needed", "Ok") -> Ok | N4: =_xlfn.XLOOKUP(B4, Properties!A:A, Properties!D:D, FALSE) -> 216895
A5: 452 | B5: 14 | C5: 5 | D5: 297136 | E5: Sold | F5: 2024-04-06 | G5: =_xlfn.XLOOKUP(B5, Properties!A:A, Properties!B:B, FALSE) -> Nis | H5: =_xlfn.XLOOKUP(C5, Agents!A:A, Agents!B:B, FALSE) -> Mina Lukic | I5: =TEXT(F5, "YYYY-MM") -> 2024-04 | J5: =IF(D5>200000, "Luxury", "Standard") -> Luxury | K5: =IF(D5>250000, "High", IF(D5>150000, "Medium", "Low")) -> High | L5: =IF(AND(E5="Sold", D5>200000), "Yes", "No") -> Yes | M5: =IF(OR(E5="Pending", E5="Cancelled"), "Attention Needed", "Ok") -> Ok | N5: =_xlfn.XLOOKUP(B5, Properties!A:A, Properties!D:D, FALSE) -> 247423
A6: 215 | B6: 188 | C6: 3 | D6: 296926 | E6: Sold | F6: 2024-07-24 | G6: =_xlfn.XLOOKUP(B6, Properties!A:A, Properties!B:B, FALSE) -> Belgrade | H6: =_xlfn.XLOOKUP(C6, Agents!A:A, Agents!B:B, FALSE) -> Ivan Stankovic | I6: =TEXT(F6, "YYYY-MM") -> 2024-07 | J6: =IF(D6>200000, "Luxury", "Standard") -> Luxury | K6: =IF(D6>250000, "High", IF(D6>150000, "Medium", "Low")) -> High | L6: =IF(AND(E6="Sold", D6>200000), "Yes", "No") -> Yes | M6: =IF(OR(E6="Pending", E6="Cancelled"), "Attention Needed", "Ok") -> Ok | N6: =_xlfn.XLOOKUP(B6, Properties!A:A, Properties!D:D, FALSE) -> 111536
A7: 141 | B7: 185 | C7: 2 | D7: 295985 | E7: Cancelled | F7: 2025-02-06 | G7: =_xlfn.XLOOKUP(B7, Properties!A:A, Properties!B:B, FALSE) -> Becej | H7: =_xlfn.XLOOKUP(C7, Agents!A:A, Agents!B:B, FALSE) -> Jelena Petrovic | I7: =TEXT(F7, "YYYY-MM") -> 2025-02 | J7: =IF(D7>200000, "Luxury", "Standard") -> Luxury | K7: =IF(D7>250000, "High", IF(D7>150000, "Medium", "Low")) -> High | L7: =IF(AND(E7="Sold", D7>200000), "Yes", "No") -> No | M7: =IF(OR(E7="Pending", E7="Cancelled"), "Attention Needed", "Ok") -> Attention Needed | N7: =_xlfn.XLOOKUP(B7, Properties!A:A, Properties!D:D, FALSE) -> 177841
A8: 97 | B8: 47 | C8: 10 | D8: 295849 | E8: Cancelled | F8: 2024-07-15 | G8: =_xlfn.XLOOKUP(B8, Properties!A:A, Properties!B:B, FALSE) -> Becej | H8: =_xlfn.XLOOKUP(C8, Agents!A:A, Agents!B:B, FALSE) -> Marko Jovic | I8: =TEXT(F8, "YYYY-MM") -> 2024-07 | J8: =IF(D8>200000, "Luxury", "Standard") -> Luxury | K8: =IF(D8>250000, "High", IF(D8>150000, "Medium", "Low")) -> High | L8: =IF(AND(E8="Sold", D8>200000), "Yes", "No") -> No | M8: =IF(OR(E8="Pending", E8="Cancelled"), "Attention Needed", "Ok") -> Attention Needed | N8: =_xlfn.XLOOKUP(B8, Properties!A:A, Properties!D:D, FALSE) -> 229387
A9: 49 | B9: 272 | C9: 5 | D9: 295054 | E9: Pending | F9: 2024-11-05 | G9: =_xlfn.XLOOKUP(B9, Properties!A:A, Properties!B:B, FALSE) -> Belgrade | H9: =_xlfn.XLOOKUP(C9, Agents!A:A, Agents!B:B, FALSE) -> Mina Lukic | I9: =TEXT(F9, "YYYY-MM") -> 2024-11 | J9: =IF(D9>200000, "Luxury", "Standard") -> Luxury | K9: =IF(D9>250000, "High", IF(D9>150000, "Medium", "Low")) -> High | L9: =IF(AND(E9="Sold", D9>200000), "Yes", "No") -> No | M9: =IF(OR(E9="Pending", E9="Cancelled"), "Attention Needed", "Ok") -> Attention Needed | N9: =_xlfn.XLOOKUP(B9, Properties!A:A, Properties!D:D, FALSE) -> 54434
A10: 263 | B10: 158 | C10: 3 | D10: 293465 | E10: Pending | F10: 2025-04-17 | G10: =_xlfn.XLOOKUP(B10, Properties!A:A, Properties!B:B, FALSE) -> Nis | H10: =_xlfn.XLOOKUP(C10, Agents!A:A, Agents!B:B, FALSE) -> Ivan Stankovic | I10: =TEXT(F10, "YYYY-MM") -> 2025-04 | J10: =IF(D10>200000, "Luxury", "Standard") -> Luxury | K10: =IF(D10>250000, "High", IF(D10>150000, "Medium", "Low")) -> High | L10: =IF(AND(E10="Sold", D10>200000), "Yes", "No") -> No | M10: =IF(OR(E10="Pending", E10="Cancelled"), "Attention Needed", "Ok") -> Attention Needed | N10: =_xlfn.XLOOKUP(B10, Properties!A:A, Properties!D:D, FALSE) -> 194298
A11: 228 | B11: 212 | C11: 4 | D11: 293097 | E11: Pending | F11: 2025-01-31 | G11: =_xlfn.XLOOKUP(B11, Properties!A:A, Properties!B:B, FALSE) -> Belgrade | H11: =_xlfn.XLOOKUP(C11, Agents!A:A, Agents!B:B, FALSE) -> Marko Jovic | I11: =TEXT(F11, "YYYY-MM") -> 2025-01 | J11: =IF(D11>200000, "Luxury", "Standard") -> Luxury | K11: =IF(D11>250000, "High", IF(D11>150000, "Medium", "Low")) -> High | L11: =IF(AND(E11="Sold", D11>200000), "Yes", "No") -> No | M11: =IF(OR(E11="Pending", E11="Cancelled"), "Attention Needed", "Ok") -> Attention Needed | N11: =_xlfn.XLOOKUP(B11, Properties!A:A, Properties!D:D, FALSE) -> 88090
A12: 379 | B12: 192 | C12: 7 | D12: 292388 | E12: Pending | F12: 2024-03-18 | G12: =_xlfn.XLOOKUP(B12, Properties!A:A, Properties!B:B, FALSE) -> Subotica | H12: =_xlfn.XLOOKUP(C12, Agents!A:A, Agents!B:B, FALSE) -> Ana Markovic | I12: =TEXT(F12, "YYYY-MM") -> 2024-03 | J12: =IF(D12>200000, "Luxury", "Standard") -> Luxury | K12: =IF(D12>250000, "High", IF(D12>150000, "Medium", "Low")) -> High | L12: =IF(AND(E12="Sold", D12>200000), "Yes", "No") -> No | M12: =IF(OR(E12="Pending", E12="Cancelled"), "Attention Needed", "Ok") -> Attention Needed | N12: =_xlfn.XLOOKUP(B12, Properties!A:A, Properties!D:D, FALSE) -> 238726
A13: 155 | B13: 96 | C13: 8 | D13: 290845 | E13: Cancelled | F13: 2024-07-07 | G13: =_xlfn.XLOOKUP(B13, Properties!A:A, Properties!B:B, FALSE) -> Nis | H13: =_xlfn.XLOOKUP(C13, Agents!A:A, Agents!B:B, FALSE) -> Mina Lukic | I13: =TEXT(F13, "YYYY-MM") -> 2024-07 | J13: =IF(D13>200000, "Luxury", "Standard") -> Luxury | K13: =IF(D13>250000, "High", IF(D13>150000, "Medium", "Low")) -> High | L13: =IF(AND(E13="Sold", D13>200000), "Yes", "No") -> No | M13: =IF(OR(E13="Pending", E13="Cancelled"), "Attention Needed", "Ok") -> Attention Needed | N13: =_xlfn.XLOOKUP(B13, Properties!A:A, Properties!D:D, FALSE) -> 205076
... A501: 433 | B501: 81 | C501: 8 | D501: 30354 | E501: Pending | F501: 2025-05-05 | G501: =_xlfn.XLOOKUP(B501, Properties!A:A, Properties!B:B, FALSE) -> Nis | H501: =_xlfn.XLOOKUP(C501, Agents!A:A, Agents!B:B, FALSE) -> Mina Lukic | I501: =TEXT(F501, "YYYY-MM") -> 2025-05 | J501: =IF(D501>200000, "Luxury", "Standard") -> Standard | K501: =IF(D501>250000, "High", IF(D501>150000, "Medium", "Low")) -> Low | L501: =IF(AND(E501="Sold", D501>200000), "Yes", "No") -> No | M501: =IF(OR(E501="Pending", E501="Cancelled"), "Attention Needed", "Ok") -> Attention Needed | N501: =_xlfn.XLOOKUP(B501, Properties!A:A, Properties!D:D, FALSE) -> 44910

Sheet Pivot tables
A1: Status | B1: (All)
A2: Performance | B2: Standard
D3: Row Labels | E3: Sum of SalePrice | G3: Row Labels | H3: Sum of SalePrice | J3: Row Labels | K3: Sum of SalePrice | M3: Row Labels | N3: Count of PropertyID | O3: Count of PropertyID2
A4: Row Labels | B4: Sum of SalePrice | D4: Marko Jovic | E4: 23814733 | G4: 2024-01 | H4: 4535735 | J4: Becej | K4: 0.21235915 | M4: Apartment | N4: 74 | O4: 0.24666667
A5: Nis | B5: 8302754 | D5: Mina Lukic | E5: 18051906 | G5: 2024-02 | H5: 6668756 | J5: Belgrade | K5: 0.16300998 | M5: House | N5: 62 | O5: 0.20666667
A6: Novi Sad | B6: 7722630 | D6: Ana Markovic | E6: 15253664 | G6: 2024-03 | H6: 4758645 | J6: Nis | K6: 0.22401191 | M6: Studio | N6: 81 | O6: 0.27
A7: Becej | B7: 7283263 | D7: Ivan Stankovic | E7: 14501283 | G7: 2024-04 | H7: 5171869 | J7: Novi Sad | K7: 0.21639811 | M7: Villa | N7: 83 | O7: 0.27666667
A8: Belgrade | B8: 6124651 | D8: Jelena Petrovic | E8: 10646005 | G8: 2024-05 | H8: 3776414 | J8: Subotica | K8: 0.18422086 | M8: Grand Total | N8: 300 | O8: 1
A9: Subotica | B9: 5630099 | D9: Grand Total | E9: 82267591 | G9: 2024-06 | H9: 3363133 | J9: Grand Total | K9: 1
A10: Grand Total | B10: 35063397 | G10: 2024-07 | H10: 7226410 | M10: Status | N10: Sold
G11: 2024-08 | H11: 4228725
G12: 2024-09 | H12: 6121056 | J12: Sum of SalePrice | M12: Row Labels | N12: Average of SalePrice
G13: 2024-10 | H13: 4510423 | J13: 82267591 | M13: Marko Jovic | N13: 176229.88
G14: 2024-11 | H14: 4556366 | M14: Mina Lukic | N14: 168953.51
G15: 2024-12 | H15: 5494522 | J15: Max of SalePrice | M15: Jelena Petrovic | N15: 165795.12
G16: 2025-01 | H16: 4910026 | J16: 298666 | M16: Ivan Stankovic | N16: 163454.97
G17: 2025-02 | H17: 4959046 | M17: Ana Markovic | N17: 139428.81
G18: 2025-03 | H18: 4873821 | J18: Average of SalePrice | M18: Grand Total | N18: 164997.18
G19: 2025-04 | H19: 4658511 | J19: 164535.18
G20: 2025-05 | H20: 2454133
G21: Grand Total | H21: 82267591 | J21: Count of Status
J22: 500

Sheet Dashboard
B1: SALES DASHBOARD

Sheet Analysis
A1: Sold Transactions | B1: Total Sales for status "Sold" | C1: Sales for AgentID = 3 | D1: Sales for City = Belgrade | E1: Pending for AgentID = 5
A2: =COUNTIF(Sales!E2:E501, "Sold") -> 164 | B2: =SUMIF(Sales!E2:E501, "Sold", Sales!D2:D501) -> 27059537 | C2: =SUMIFS(Sales!D2:D501, Sales!C2:C501, 3, Sales!E2:E501, "Sold") -> 2932505 | D2: =SUMIFS(Sales!D2:D501, Sales!G2:G501, "Belgrade", Sales!E2:E501, "Sold") -> 4384053 | E2: =COUNTIFS(Sales!C2:C501, 5, Sales!E2:E501, "Pending") -> 17
